<annotation>
  <folder>Definitiva</folder>
  <filename>armas (21)</filename>
  <path>C:\Users\Rob\Desktop\Definitiva\armas (21).jpg</path>
  <source>
    <database>Unknown</database>
  </source>
  <size>
    <width>450</width>
    <height>299</height>
    <depth>3</depth>
  </size>
  <segmented>0</segmented>
  <object>
    <name>pistol</name>
    <pose>Unspecified</pose>
    <truncated>0</truncated>
    <difficult>0</difficult>
    <bndbox>
      <xmin>160</xmin>
      <ymin>110</ymin>
      <xmax>190</xmax>
      <ymax>175</ymax>
    </bndbox>
  </object>
</annotation>
