<annotation>
  <folder>Definitiva</folder>
  <filename>armas (35)</filename>
  <path>C:\Users\Rob\Desktop\Definitiva\armas (35).jpg</path>
  <source>
    <database>Unknown</database>
  </source>
  <size>
    <width>1300</width>
    <height>1097</height>
    <depth>3</depth>
  </size>
  <segmented>0</segmented>
  <object>
    <name>pistol</name>
    <pose>Unspecified</pose>
    <truncated>0</truncated>
    <difficult>0</difficult>
    <bndbox>
      <xmin>562</xmin>
      <ymin>345</ymin>
      <xmax>725</xmax>
      <ymax>718</ymax>
    </bndbox>
  </object>
</annotation>
