<annotation>
  <folder>Definitiva</folder>
  <filename>armas (17)</filename>
  <path>C:\Users\Rob\Desktop\Definitiva\armas (17).jpg</path>
  <source>
    <database>Unknown</database>
  </source>
  <size>
    <width>1300</width>
    <height>870</height>
    <depth>3</depth>
  </size>
  <segmented>0</segmented>
  <object>
    <name>pistol</name>
    <pose>Unspecified</pose>
    <truncated>0</truncated>
    <difficult>0</difficult>
    <bndbox>
      <xmin>858</xmin>
      <ymin>356</ymin>
      <xmax>1125</xmax>
      <ymax>635</ymax>
    </bndbox>
  </object>
</annotation>
