<annotation>
  <folder>Definitiva</folder>
  <filename>armas (5)</filename>
  <path>C:\Users\Rob\Desktop\Definitiva\armas (5).jpg</path>
  <source>
    <database>Unknown</database>
  </source>
  <size>
    <width>1300</width>
    <height>866</height>
    <depth>3</depth>
  </size>
  <segmented>0</segmented>
  <object>
    <name>pistol</name>
    <pose>Unspecified</pose>
    <truncated>0</truncated>
    <difficult>0</difficult>
    <bndbox>
      <xmin>358</xmin>
      <ymin>184</ymin>
      <xmax>647</xmax>
      <ymax>604</ymax>
    </bndbox>
  </object>
  <object>
    <name>pistol</name>
    <pose>Unspecified</pose>
    <truncated>0</truncated>
    <difficult>0</difficult>
    <bndbox>
      <xmin>621</xmin>
      <ymin>10</ymin>
      <xmax>817</xmax>
      <ymax>361</ymax>
    </bndbox>
  </object>
</annotation>
