<annotation>
  <folder>Definitiva</folder>
  <filename>armas (13)</filename>
  <path>C:\Users\Rob\Desktop\Definitiva\armas (13).jpg</path>
  <source>
    <database>Unknown</database>
  </source>
  <size>
    <width>1300</width>
    <height>906</height>
    <depth>1</depth>
  </size>
  <segmented>0</segmented>
  <object>
    <name>pistol</name>
    <pose>Unspecified</pose>
    <truncated>0</truncated>
    <difficult>0</difficult>
    <bndbox>
      <xmin>202</xmin>
      <ymin>265</ymin>
      <xmax>793</xmax>
      <ymax>697</ymax>
    </bndbox>
  </object>
</annotation>
