<annotation>
  <folder>Definitiva</folder>
  <filename>armas (25)</filename>
  <path>C:\Users\Rob\Desktop\Definitiva\armas (25).jpg</path>
  <source>
    <database>Unknown</database>
  </source>
  <size>
    <width>528</width>
    <height>440</height>
    <depth>3</depth>
  </size>
  <segmented>0</segmented>
  <object>
    <name>pistol</name>
    <pose>Unspecified</pose>
    <truncated>0</truncated>
    <difficult>0</difficult>
    <bndbox>
      <xmin>243</xmin>
      <ymin>81</ymin>
      <xmax>293</xmax>
      <ymax>112</ymax>
    </bndbox>
  </object>
</annotation>
